{"cameraMode":{"drawMode":0,"name":"Shaded","section":"Shading Mode"},"sceneLighting":false,"audioPlay":false,"sceneViewState":{"m_AlwaysRefresh":false,"showFog":true,"showSkybox":false,"showFlares":true,"showImageEffects":true,"showParticleSystems":true,"showVisualEffectGraphs":true,"m_FxEnabled":true},"in2DMode":false,"pivot":{"x":0.5791959166526794,"y":0.04923546314239502,"z":-1.0117199420928956},"rotation":{"x":0.4172985851764679,"y":-0.10377256572246552,"z":0.04803970083594322,"w":0.9015578031539917},"size":3.0205612182617189,"orthographic":false}